Name,vegetables,unknown,dairy,human,animal,insect,freeliving
L_acetotolerans_BM-LA14527,1,0,0,0,0,0,0
L_acetotolerans_CN247,1,0,0,0,0,0,0
L_acetotolerans_DSM_20749,1,0,0,0,0,0,0
L_acetotolerans_LA1,1,0,0,0,0,0,0
L_acetotolerans_LA749,1,0,0,0,0,0,0
L_acetotolerans_LJ49,1,0,0,0,0,0,0
L_acetotolerans_NBRC_13120,1,0,0,0,0,0,0
L_acetotolerans_UBA10580,1,0,0,0,0,0,0
L_acetotolerans_UBA10954,0,0,1,0,0,0,0
L_acetotolerans_UBA10993,0,0,0,0,0,0,1
L_acidophilus_5460,0,0,0,1,0,0,0
L_acidophilus_ATCC_53544,0,0,0,1,0,0,0
L_acidophilus_DSM_20079,0,0,0,1,0,0,0
L_acidophilus_FSI4,0,0,1,0,0,0,0
L_acidophilus_JBNU_C5,0,0,0,0,1,0,0
L_acidophilus_L-55,0,0,0,1,0,0,0
L_acidophilus_LA-G80-111,0,0,0,1,0,0,0
L_acidophilus_LA1,0,0,0,1,0,0,0
L_acidophilus_MGYG_HGUT_02379,0,0,0,1,0,0,0
L_acidophilus_NBIMCC_8242_180,1,0,0,0,0,0,0
L_acidophilus_NC55,0,0,0,1,0,0,0
L_acidophilus_NCFM,0,1,0,0,0,0,0
L_acidophilus_QAULAN51,0,0,1,0,0,0,0
L_acidophilus_SSLB4,0,0,0,0,1,0,0
L_acidophilus_YT1,0,0,0,0,1,0,0
L_acidophilus_s-4,0,1,0,0,0,0,0
L_amylolyticus_L5,1,0,0,0,0,0,0
L_amylolyticus_L6,1,0,0,0,0,0,0
L_amylolyticus_LA664,1,0,0,0,0,0,0
L_amylovorus_1394N20,0,0,0,0,1,0,0
L_amylovorus_30SC,0,0,0,0,1,0,0
L_amylovorus_AF08-3,0,0,0,1,0,0,0
L_amylovorus_DSM_16698,1,0,0,0,0,0,0
L_amylovorus_DSM_20531,0,0,0,0,1,0,0
L_amylovorus_GRL1118,0,0,0,0,1,0,0
L_amylovorus_JBD401,0,0,1,0,0,0,0
L_amylovorus_L4,0,0,0,0,1,0,0
L_amylovorus_MGYG_HGUT_00161,0,0,0,1,0,0,0
L_amylovorus_MT30,1,0,0,0,0,0,0
L_amylovorus_PMRA3,0,0,0,0,1,0,0
L_amylovorus_S1,0,0,0,0,1,0,0
L_apis_ESL0185,0,0,0,0,1,0,0
L_apis_R-53131,0,1,0,0,0,0,0
L_bombicola_BI-4G,0,0,0,0,0,1,0
L_bombicola_L5-31,0,0,0,0,0,1,0
L_bombicola_OCC3,0,0,0,0,0,1,0
L_bombicola_R-53102,0,1,0,0,0,0,0
L_crispatus_0421_295_1_1_MRS10_S843-bin_1,0,0,0,1,0,0,0
L_crispatus_0421_295_1_1_MRS11_S423-bin_1,0,0,0,1,0,0,0
L_crispatus_0421_295_1_1_MRS12_S851-bin_1,0,0,0,1,0,0,0
L_crispatus_0421_295_1_1_MRS2_S399-bin_1,0,0,0,1,0,0,0
L_crispatus_0421_295_1_1_MRS3_S803-bin_2,0,0,0,1,0,0,0
L_crispatus_0421_295_1_1_MRS4_S811-bin_1,0,0,0,1,0,0,0
L_crispatus_0421_295_1_1_MRS5_S819-bin_2,0,0,0,1,0,0,0
L_crispatus_0421_295_1_1_MRS6_S407-bin_1,0,0,0,1,0,0,0
L_crispatus_0421_295_1_2_MRS10_S804-bin_2,0,0,0,1,0,0,0
L_crispatus_0421_295_1_2_MRS1_S859-bin_1,0,0,0,1,0,0,0
L_crispatus_0421_295_1_2_MRS2_S772-bin_1,0,0,0,1,0,0,0
L_crispatus_0421_295_1_2_MRS3_S780-bin_2,0,0,0,1,0,0,0
L_crispatus_0421_295_1_2_MRS5_S431-bin_1,0,0,0,1,0,0,0
L_crispatus_0421_295_1_2_MRS6_S438-bin_1,0,0,0,1,0,0,0
L_crispatus_0421_295_1_2_MRS7_S445-bin_1,0,0,0,1,0,0,0
L_crispatus_0421_295_1_2_MRS8_S452-bin_1,0,0,0,1,0,0,0
L_crispatus_0422_293_1_1_MRS10_S408-bin_1,0,0,0,1,0,0,0
L_crispatus_0795_578_1_1_MRS1_S862-bin_1,0,0,0,1,0,0,0
L_crispatus_0795_578_1_1_MRS5_S810-bin_1,0,0,0,1,0,0,0
L_crispatus_0795_578_1_1_MRS6_S818-bin_1,0,0,0,1,0,0,0
L_crispatus_0795_578_1_1_MRSI8_S902-bin_1,0,0,0,1,0,0,0
L_crispatus_0872_642_1_1_MRS5_S773-bin_1,0,0,0,1,0,0,0
L_crispatus_1D,0,0,0,0,1,0,0
L_crispatus_233_S810-bin_1,0,0,0,1,0,0,0
L_crispatus_AB70,0,0,0,1,0,0,0
L_crispatus_ATCC_33820,0,0,0,1,0,0,0
L_crispatus_B4,0,0,0,1,0,0,0
L_crispatus_C037,0,0,0,1,0,0,0
L_crispatus_C25,0,0,0,0,1,0,0
L_crispatus_CG-12,0,0,0,0,1,0,0
L_crispatus_CM2261_MRS3_S774-bin_1,0,0,0,1,0,0,0
L_crispatus_CM2292_MRS1_S784-bin_1,0,0,0,1,0,0,0
L_crispatus_CM_A01_S769-bin_1,0,0,0,1,0,0,0
L_crispatus_CM_A02_S777-bin_1,0,0,0,1,0,0,0
L_crispatus_CM_A03_S785-bin_1,0,0,0,1,0,0,0
L_crispatus_CM_A04_S793-bin_1,0,0,0,1,0,0,0
L_crispatus_CM_A06_S809-bin_1,0,0,0,1,0,0,0
L_crispatus_CM_A08_S825-bin_2,0,0,0,1,0,0,0
L_crispatus_CM_B01_S770-bin_1,0,0,0,1,0,0,0
L_crispatus_CM_B02_S778-bin_1,0,0,0,1,0,0,0
L_crispatus_CM_B03_S786-bin_1,0,0,0,1,0,0,0
L_crispatus_CM_B04_S794-bin_1,0,0,0,1,0,0,0
L_crispatus_CM_B07_S818-bin_1,0,0,0,1,0,0,0
L_crispatus_CM_B09_S834-bin_1,0,0,0,1,0,0,0
L_crispatus_CM_B12_S858-bin_1,0,0,0,1,0,0,0
L_crispatus_CM_C01_S771-bin_1,0,0,0,1,0,0,0
L_crispatus_CM_C03_S787-bin_2,0,0,0,1,0,0,0
L_crispatus_CM_C04_S795-bin_1,0,0,0,1,0,0,0
L_crispatus_CM_C05_S803-bin_1,0,0,0,1,0,0,0
L_crispatus_CM_C07_S819-bin_2,0,0,0,1,0,0,0
L_crispatus_CM_D02_S780-bin_1,0,0,0,1,0,0,0
L_crispatus_CM_D04_S796-bin_1,0,0,0,1,0,0,0
L_crispatus_CM_D05_S804-bin_1,0,0,0,1,0,0,0
L_crispatus_CM_D07_S820-bin_2,0,0,0,1,0,0,0
L_crispatus_CM_D08_S828-bin_2,0,0,0,1,0,0,0
L_crispatus_CM_D09_S836-bin_1,0,0,0,1,0,0,0
L_crispatus_CM_D10_S844-bin_2,0,0,0,1,0,0,0
L_crispatus_CM_D11_S852-bin_1,0,0,0,1,0,0,0
L_crispatus_CM_E03_S789-bin_1,0,0,0,1,0,0,0
L_crispatus_CM_E04_S797-bin_1,0,0,0,1,0,0,0
L_crispatus_CM_E07_S821-bin_1,0,0,0,1,0,0,0
L_crispatus_CM_E08_S829-bin_1,0,0,0,1,0,0,0
L_crispatus_CM_E09_S837-bin_2,0,0,0,1,0,0,0
L_crispatus_CM_E10_S845-bin_1,0,0,0,1,0,0,0
L_crispatus_CM_F02_S782-bin_2,0,0,0,1,0,0,0
L_crispatus_CM_F04_S798-bin_1,0,0,0,1,0,0,0
L_crispatus_CM_F08_S830-bin_1,0,0,0,1,0,0,0
L_crispatus_CM_F09_S838-bin_1,0,0,0,1,0,0,0
L_crispatus_CM_F10_S846-bin_1,0,0,0,1,0,0,0
L_crispatus_CM_G02_S783-bin_1,0,0,0,1,0,0,0
L_crispatus_CM_G03_S791-bin_2,0,0,0,1,0,0,0
L_crispatus_CM_G04_S799-bin_2,0,0,0,1,0,0,0
L_crispatus_CM_G06_S815-bin_2,0,0,0,1,0,0,0
L_crispatus_CM_G07_S823-bin_1,0,0,0,1,0,0,0
L_crispatus_CM_G08_S831-bin_2,0,0,0,1,0,0,0
L_crispatus_CM_G10_S847-bin_1,0,0,0,1,0,0,0
L_crispatus_CM_G11_S855-bin_1,0,0,0,1,0,0,0
L_crispatus_CM_G12_S863-bin_1,0,0,0,1,0,0,0
L_crispatus_CM_H01_S776-bin_1,0,0,0,1,0,0,0
L_crispatus_CM_H02_S784-bin_1,0,0,0,1,0,0,0
L_crispatus_CM_H04_S800-bin_1,0,0,0,1,0,0,0
L_crispatus_CM_H05_S808-bin_2,0,0,0,1,0,0,0
L_crispatus_CM_H07_S824-bin_1,0,0,0,1,0,0,0
L_crispatus_CM_H09_S840-bin_1,0,0,0,1,0,0,0
L_crispatus_CO3MRSI1,0,0,0,1,0,0,0
L_crispatus_Chicken_10_mag_157,0,0,0,0,1,0,0
L_crispatus_Chicken_14_mag_17,0,0,0,0,1,0,0
L_crispatus_Chicken_19_mag_104,0,0,0,0,1,0,0
L_crispatus_Chicken_6_mag_147,0,0,0,0,1,0,0
L_crispatus_D31t1_170403_E4,0,0,0,1,0,0,0
L_crispatus_DC21,0,0,0,0,1,0,0
L_crispatus_DISK12,0,0,0,1,0,0,0
L_crispatus_DSM_20584,0,0,0,1,0,0,0
L_crispatus_DSM_29598,1,0,0,0,0,0,0
L_crispatus_DZD_CM_01_S769-bin_1,0,0,0,1,0,0,0
L_crispatus_DZD_CM_02_S770-bin_1,0,0,0,1,0,0,0
L_crispatus_DZD_CM_03_S771-bin_1,0,0,0,1,0,0,0
L_crispatus_DZD_CM_04_S772-bin_1,0,0,0,1,0,0,0
L_crispatus_DZD_CM_05_S773-bin_1,0,0,0,1,0,0,0
L_crispatus_DZD_CM_11_S779-bin_1,0,0,0,1,0,0,0
L_crispatus_DZD_CM_13_S781-bin_1,0,0,0,1,0,0,0
L_crispatus_DZD_CM_15_S783-bin_1,0,0,0,1,0,0,0
L_crispatus_DZD_CM_19_S787-bin_1,0,0,0,1,0,0,0
L_crispatus_DZD_CM_21_S789-bin_1,0,0,0,1,0,0,0
L_crispatus_DZD_CM_22_S790-bin_1,0,0,0,1,0,0,0
L_crispatus_DZD_CM_23_S791-bin_1,0,0,0,1,0,0,0
L_crispatus_DZD_CM_24_S792-bin_1,0,0,0,1,0,0,0
L_crispatus_DZD_CM_25_S793-bin_3,0,0,0,1,0,0,0
L_crispatus_DZD_CM_26_S794-bin_2,0,0,0,1,0,0,0
L_crispatus_DZD_CM_27_S795-bin_1,0,0,0,1,0,0,0
L_crispatus_DZD_CM_30_S798-bin_2,0,0,0,1,0,0,0
L_crispatus_DZD_CM_31_S799-bin_2,0,0,0,1,0,0,0
L_crispatus_DZD_CM_32_S800-bin_1,0,0,0,1,0,0,0
L_crispatus_DZD_CM_40_S808-bin_1,0,0,0,1,0,0,0
L_crispatus_F4_1630_1235_1_CBA14_S224-bin_1-SPLIT,0,0,0,1,0,0,0
L_crispatus_F4_1630_1235_1_MRS7_S268-bin_1-SPLIT,0,0,0,1,0,0,0
L_crispatus_FDAARGOS_743,0,0,0,1,0,0,0
L_crispatus_JKR_P1_01_A01_S673_001-bin_1,0,0,0,1,0,0,0
L_crispatus_JKR_P1_03_C01_S675_001-bin_1,0,0,0,1,0,0,0
L_crispatus_JKR_P1_05_E01_S677_001-bin_1,0,0,0,1,0,0,0
L_crispatus_JKR_P1_06_F01_S678_001-bin_1,0,0,0,1,0,0,0
L_crispatus_JKR_P1_07_G01_S679_001-bin_1,0,0,0,1,0,0,0
L_crispatus_JKR_P1_08_H01_S680_001-bin_1,0,0,0,1,0,0,0
L_crispatus_JKR_P1_09_A02_S681_001-bin_1,0,0,0,1,0,0,0
L_crispatus_JKR_P1_11_C02_S683_001-bin_1,0,0,0,1,0,0,0
L_crispatus_JKR_P1_14_F02_S686_001-bin_1,0,0,0,1,0,0,0
L_crispatus_JKR_P1_15_G02_S687_001-bin_1,0,0,0,1,0,0,0
L_crispatus_KT-11,0,0,0,1,0,0,0
L_crispatus_Lc116,0,0,0,1,0,0,0
L_crispatus_Lc1226,0,0,0,1,0,0,0
L_crispatus_Lc1700,0,0,0,1,0,0,0
L_crispatus_MHKL_MAG_00003,0,0,0,1,0,0,0
L_crispatus_MHKL_MAG_00008,0,0,0,1,0,0,0
L_crispatus_MHKL_MAG_00009,0,0,0,1,0,0,0
L_crispatus_MHKL_MAG_00010,0,0,0,1,0,0,0
L_crispatus_MHKL_MAG_00013,0,0,0,1,0,0,0
L_crispatus_MHKL_MAG_00015,0,0,0,1,0,0,0
L_crispatus_MHKL_MAG_00017,0,0,0,1,0,0,0
L_crispatus_MHKL_MAG_00025,0,0,0,1,0,0,0
L_crispatus_MHKL_MAG_00026,0,0,0,1,0,0,0
L_crispatus_MHKL_MAG_00027,0,0,0,1,0,0,0
L_crispatus_MHKL_MAG_00029,0,0,0,1,0,0,0
L_crispatus_MHKL_MAG_00030,0,0,0,1,0,0,0
L_crispatus_MHKL_MAG_00033,0,0,0,1,0,0,0
L_crispatus_MHKL_MAG_00034,0,0,0,1,0,0,0
L_crispatus_MHKL_MAG_00035,0,0,0,1,0,0,0
L_crispatus_MHKL_MAG_00036,0,0,0,1,0,0,0
L_crispatus_MHKL_MAG_00043,0,0,0,1,0,0,0
L_crispatus_MHKL_MAG_00044,0,0,0,1,0,0,0
L_crispatus_MHKL_MAG_00050,0,0,0,1,0,0,0
L_crispatus_MHKL_MAG_00053,0,0,0,1,0,0,0
L_crispatus_MHKL_MAG_00057,0,0,0,1,0,0,0
L_crispatus_MHKL_MAG_00065,0,0,0,1,0,0,0
L_crispatus_MHKL_MAG_00066,0,0,0,1,0,0,0
L_crispatus_MHKL_MAG_00070,0,0,0,1,0,0,0
L_crispatus_MHKL_MAG_00073,0,0,0,1,0,0,0
L_crispatus_MHKL_MAG_00075,0,0,0,1,0,0,0
L_crispatus_MHKL_MAG_00076,0,0,0,1,0,0,0
L_crispatus_MHKL_MAG_00083,0,0,0,1,0,0,0
L_crispatus_MHKL_MAG_00087,0,0,0,1,0,0,0
L_crispatus_MHKL_MAG_00091,0,0,0,1,0,0,0
L_crispatus_MHKL_MAG_00095,0,0,0,1,0,0,0
L_crispatus_MHKL_MAG_00097,0,0,0,1,0,0,0
L_crispatus_MHKL_MAG_00107,0,0,0,1,0,0,0
L_crispatus_MHKL_MAG_00115,0,0,0,1,0,0,0
L_crispatus_MHKL_MAG_00118,0,0,0,1,0,0,0
L_crispatus_MHKL_MAG_00119,0,0,0,1,0,0,0
L_crispatus_MHKL_MAG_00120,0,0,0,1,0,0,0
L_crispatus_MHKL_MAG_00121,0,0,0,1,0,0,0
L_crispatus_MHKL_MAG_00122,0,0,0,1,0,0,0
L_crispatus_MHKL_MAG_00125,0,0,0,1,0,0,0
L_crispatus_MHKL_MAG_00141,0,0,0,1,0,0,0
L_crispatus_MHKL_MAG_00143,0,0,0,1,0,0,0
L_crispatus_MHKL_MAG_00146,0,0,0,1,0,0,0
L_crispatus_MHKL_MAG_00148,0,0,0,1,0,0,0
L_crispatus_MHKL_MAG_00153,0,0,0,1,0,0,0
L_crispatus_MHKL_MAG_00157,0,0,0,1,0,0,0
L_crispatus_MHKL_MAG_00159,0,0,0,1,0,0,0
L_crispatus_MHKL_MAG_00161,0,0,0,1,0,0,0
L_crispatus_MHKL_MAG_00166,0,0,0,1,0,0,0
L_crispatus_MHKL_MAG_00167,0,0,0,1,0,0,0
L_crispatus_MHKL_MAG_00170,0,0,0,1,0,0,0
L_crispatus_MHKL_MAG_00171,0,0,0,1,0,0,0
L_crispatus_MHKL_MAG_00172,0,0,0,1,0,0,0
L_crispatus_MHKL_MAG_00174,0,0,0,1,0,0,0
L_crispatus_MHKL_MAG_00187,0,0,0,1,0,0,0
L_crispatus_MHKL_MAG_00189,0,0,0,1,0,0,0
L_crispatus_MHKL_MAG_00205,0,0,0,1,0,0,0
L_crispatus_MHKL_MAG_00227,0,0,0,1,0,0,0
L_crispatus_MHKL_MAG_00229,0,0,0,1,0,0,0
L_crispatus_MHKL_MAG_00235,0,0,0,1,0,0,0
L_crispatus_MHKL_MAG_00244,0,0,0,1,0,0,0
L_crispatus_MHKL_MAG_00248,0,0,0,1,0,0,0
L_crispatus_MHKL_MAG_00258,0,0,0,1,0,0,0
L_crispatus_MHKL_MAG_00264,0,0,0,1,0,0,0
L_crispatus_MHKL_MAG_00266,0,0,0,1,0,0,0
L_crispatus_MHKL_MAG_00268,0,0,0,1,0,0,0
L_crispatus_MHKL_MAG_00272,0,0,0,1,0,0,0
L_crispatus_MHKL_MAG_00278,0,0,0,1,0,0,0
L_crispatus_MHKL_MAG_00290,0,0,0,1,0,0,0
L_crispatus_MHKL_MAG_00304,0,0,0,1,0,0,0
L_crispatus_MHKL_MAG_00316,0,0,0,1,0,0,0
L_crispatus_MHKL_MAG_00318,0,0,0,1,0,0,0
L_crispatus_MHKL_MAG_00335,0,0,0,1,0,0,0
L_crispatus_MHKL_MAG_00340,0,0,0,1,0,0,0
L_crispatus_MHKL_MAG_00341,0,0,0,1,0,0,0
L_crispatus_MHKL_MAG_00342,0,0,0,1,0,0,0
L_crispatus_Mitchell_12_29_17_A05_S609-bin_1,0,0,0,1,0,0,0
L_crispatus_Mitchell_12_29_17_A06_S617-bin_1,0,0,0,1,0,0,0
L_crispatus_Mitchell_12_29_17_B05_S610-bin_1,0,0,0,1,0,0,0
L_crispatus_Mitchell_12_29_17_B07_S626-bin_1,0,0,0,1,0,0,0
L_crispatus_Mitchell_12_29_17_C03_S595-bin_1,0,0,0,1,0,0,0
L_crispatus_Mitchell_12_29_17_C04_S603-bin_1,0,0,0,1,0,0,0
L_crispatus_Mitchell_12_29_17_C05_S611-bin_1,0,0,0,1,0,0,0
L_crispatus_Mitchell_12_29_17_C07_S627-bin_2,0,0,0,1,0,0,0
L_crispatus_Mitchell_12_29_17_E06_S621-bin_1,0,0,0,1,0,0,0
L_crispatus_Mitchell_12_29_17_E07_S629-bin_2,0,0,0,1,0,0,0
L_crispatus_Mitchell_12_29_17_F06_S622-bin_1,0,0,0,1,0,0,0
L_crispatus_Mitchell_12_29_17_G06_S623-bin_1,0,0,0,1,0,0,0
L_crispatus_Mitchell_12_29_17_H06_S624-bin_1,0,0,0,1,0,0,0
L_crispatus_Mitchell_12_29_17_H07_S632-bin_1,0,0,0,1,0,0,0
L_crispatus_NCK1351,0,0,0,1,0,0,0
L_crispatus_PMC201,0,0,0,1,0,0,0
L_crispatus_PRL2021,0,0,0,1,0,0,0
L_crispatus_RL02,0,0,0,1,0,0,0
L_crispatus_RL05,0,0,0,1,0,0,0
L_crispatus_RL09,0,0,0,1,0,0,0
L_crispatus_RL10,0,0,0,1,0,0,0
L_crispatus_RL11,0,0,0,1,0,0,0
L_crispatus_RL14,0,0,0,1,0,0,0
L_crispatus_RL15,0,0,0,1,0,0,0
L_crispatus_RL19,0,0,0,1,0,0,0
L_crispatus_RL20,0,0,0,1,0,0,0
L_crispatus_RL21,0,0,0,1,0,0,0
L_crispatus_RL24,0,0,0,1,0,0,0
L_crispatus_RL25,0,0,0,1,0,0,0
L_crispatus_RL26,0,0,0,1,0,0,0
L_crispatus_RL27,0,0,0,1,0,0,0
L_crispatus_RL28,0,0,0,1,0,0,0
L_crispatus_ST1,0,0,0,0,1,0,0
L_crispatus_UBLCp-01,0,0,0,1,0,0,0
L_crispatus_UMB0040,0,0,0,1,0,0,0
L_crispatus_UMB0044,0,0,0,1,0,0,0
L_crispatus_UMB0054,0,0,0,1,0,0,0
L_crispatus_UMB0085,0,0,0,1,0,0,0
L_crispatus_UMB0803,0,0,0,1,0,0,0
L_crispatus_UMB1398,0,0,0,1,0,0,0
L_crispatus_UMNLC1,0,0,0,0,1,0,0
L_crispatus_UMNLC11,0,0,0,0,1,0,0
L_crispatus_UMNLC12,0,0,0,0,1,0,0
L_crispatus_UMNLC13,0,0,0,0,1,0,0
L_crispatus_UMNLC14,0,0,0,0,1,0,0
L_crispatus_UMNLC15,0,0,0,0,1,0,0
L_crispatus_UMNLC16,0,0,0,0,1,0,0
L_crispatus_UMNLC18,0,0,0,0,1,0,0
L_crispatus_UMNLC19,0,0,0,0,1,0,0
L_crispatus_UMNLC20,0,0,0,0,1,0,0
L_crispatus_UMNLC21,0,0,0,0,1,0,0
L_crispatus_UMNLC22,0,0,0,0,1,0,0
L_crispatus_UMNLC23,0,0,0,0,1,0,0
L_crispatus_UMNLC24,0,0,0,0,1,0,0
L_crispatus_UMNLC25,0,0,0,0,1,0,0
L_crispatus_UMNLC3,0,0,0,0,1,0,0
L_crispatus_UMNLC6,0,0,0,0,1,0,0
L_crispatus_UMNLC8,0,0,0,0,1,0,0
L_crispatus_VMC1,0,0,0,1,0,0,0
L_crispatus_VMC2,0,0,0,1,0,0,0
L_crispatus_VMC5,0,0,0,1,0,0,0
L_crispatus_lc31,0,0,0,1,0,0,0
L_crispatus_lc83,0,0,0,1,0,0,0
L_delbrueckii_L10,0,0,0,0,1,0,0
L_delbrueckii_ME-782,0,0,0,0,1,0,0
L_delbrueckii_ME-783,0,0,0,0,1,0,0
L_delbrueckii_ME-785,0,0,0,0,1,0,0
L_delbrueckii_ME-786,0,0,0,0,1,0,0
L_delbrueckii_ME-787,0,0,0,0,1,0,0
L_delbrueckii_ME-788,0,0,0,0,1,0,0
L_delbrueckii_ME-789,0,0,0,0,1,0,0
L_delbrueckii_ME-790,0,0,0,0,1,0,0
L_delbrueckii_ME-791,0,0,0,0,1,0,0
L_delbrueckii_ME-792,0,0,0,0,1,0,0
L_delbrueckii_ME-793,0,0,0,0,1,0,0
L_delbrueckii_ME-795,0,0,0,0,1,0,0
L_delbrueckii_ME-796,0,0,0,0,1,0,0
L_delbrueckii_ME-797,0,0,0,0,1,0,0
L_delbrueckii_ME-798,0,0,0,0,1,0,0
L_delbrueckii_ME-800,0,0,0,0,1,0,0
L_delbrueckii_ME-801,0,0,0,0,1,0,0
L_delbrueckii_ME-802,0,0,0,0,1,0,0
L_delbrueckii_ME-803,0,0,0,0,1,0,0
L_delbrueckii_ME-804,0,0,0,0,1,0,0
L_delbrueckii_ME-805,0,0,0,0,1,0,0
L_delbrueckii_ME-806,0,0,0,0,1,0,0
L_delbrueckii_ME-807,0,0,0,0,1,0,0
L_delbrueckii_MGYG_HGUT_01369,0,0,0,1,0,0,0
L_delbrueckii_P3MRA,0,1,0,0,0,0,0
L_delbrueckii_QAULDN14,0,0,1,0,0,0,0
L_delbrueckii_QAULDN61,0,0,1,0,0,0,0
L_delbrueckii_TS1-06,0,0,1,0,0,0,0
L_delbrueckii_UMB0003,0,0,0,1,0,0,0
L_delbrueckii_subsp_bulgaricus_ACA_DC_87,0,0,1,0,0,0,0
L_delbrueckii_subsp_bulgaricus_ATCC_11842,0,0,1,0,0,0,0
L_delbrueckii_subsp_bulgaricus_ATCC_BAA-365,0,1,0,0,0,0,0
L_delbrueckii_subsp_bulgaricus_CBC-LB69,0,0,1,0,0,0,0
L_delbrueckii_subsp_bulgaricus_CBC-LB8,0,0,1,0,0,0,0
L_delbrueckii_subsp_bulgaricus_CIRM_BIA_1376,0,0,1,0,0,0,0
L_delbrueckii_subsp_bulgaricus_CIRM_BIA_1381,0,0,1,0,0,0,0
L_delbrueckii_subsp_bulgaricus_CIRM_BIA_1579,0,0,1,0,0,0,0
L_delbrueckii_subsp_bulgaricus_CIRM_BIA_1614,0,0,1,0,0,0,0
L_delbrueckii_subsp_bulgaricus_CIRM_BIA_1623,0,0,1,0,0,0,0
L_delbrueckii_subsp_bulgaricus_CIRM_BIA_2159,0,0,1,0,0,0,0
L_delbrueckii_subsp_bulgaricus_CIRM_BIA_860,0,0,1,0,0,0,0
L_delbrueckii_subsp_bulgaricus_CIRM_BIA_864,0,0,1,0,0,0,0
L_delbrueckii_subsp_bulgaricus_CIRM_BIA_905,0,0,1,0,0,0,0
L_delbrueckii_subsp_bulgaricus_CIRM_BIA_906,0,0,1,0,0,0,0
L_delbrueckii_subsp_bulgaricus_DSM_20080,0,0,0,0,0,0,1
L_delbrueckii_subsp_bulgaricus_DSM_20081,0,0,1,0,0,0,0
L_delbrueckii_subsp_bulgaricus_FAM_22166,0,0,1,0,0,0,0
L_delbrueckii_subsp_bulgaricus_KW14_3,0,0,1,0,0,0,0
L_delbrueckii_subsp_bulgaricus_L99,0,0,1,0,0,0,0
L_delbrueckii_subsp_bulgaricus_LBPUFSC001,0,0,1,0,0,0,0
L_delbrueckii_subsp_bulgaricus_LDB-C1,0,0,1,0,0,0,0
L_delbrueckii_subsp_bulgaricus_LJJ,0,0,1,0,0,0,0
L_delbrueckii_subsp_bulgaricus_Lb1-GS-1,0,0,1,0,0,0,0
L_delbrueckii_subsp_bulgaricus_MBT_92059,0,0,1,0,0,0,0
L_delbrueckii_subsp_bulgaricus_MN-BM-F01,1,0,0,0,0,0,0
L_delbrueckii_subsp_bulgaricus_NBIMCC_8244_187,0,0,1,0,0,0,0
L_delbrueckii_subsp_bulgaricus_ND02,0,0,1,0,0,0,0
L_delbrueckii_subsp_bulgaricus_ND04,0,0,1,0,0,0,0
L_delbrueckii_subsp_bulgaricus_ST7,0,0,1,0,0,0,0
L_delbrueckii_subsp_bulgaricus_UBLB01,1,0,0,0,0,0,0
L_delbrueckii_subsp_bulgaricus_VHProbi_R03,0,0,0,1,0,0,0
L_delbrueckii_subsp_bulgaricus_YNF-5,0,0,1,0,0,0,0
L_delbrueckii_subsp_delbrueckii_DSM_20074,1,0,0,0,0,0,0
L_delbrueckii_subsp_delbrueckii_KCTC_13731,0,0,0,0,0,0,1
L_delbrueckii_subsp_delbrueckii_NBRC_3202,1,0,0,0,0,0,0
L_delbrueckii_subsp_delbrueckii_TUA4408L,1,0,0,0,0,0,0
L_delbrueckii_subsp_indicus_DSM_15996,0,0,1,0,0,0,0
L_delbrueckii_subsp_indicus_JCM_15610,0,0,0,0,0,0,1
L_delbrueckii_subsp_jakobsenii_DSM_26046,1,0,0,0,0,0,0
L_delbrueckii_subsp_lactis_1,0,0,1,0,0,0,0
L_delbrueckii_subsp_lactis_11141,0,0,1,0,0,0,0
L_delbrueckii_subsp_lactis_11143,0,0,1,0,0,0,0
L_delbrueckii_subsp_lactis_12105,0,0,1,0,0,0,0
L_delbrueckii_subsp_lactis_12107,0,0,1,0,0,0,0
L_delbrueckii_subsp_lactis_12109,0,0,1,0,0,0,0
L_delbrueckii_subsp_lactis_CIDCA_133,0,0,0,0,1,0,0
L_delbrueckii_subsp_lactis_CIP_110109,0,0,0,1,0,0,0
L_delbrueckii_subsp_lactis_CIRM_BIA_1368,0,0,1,0,0,0,0
L_delbrueckii_subsp_lactis_CIRM_BIA_1374,0,0,1,0,0,0,0
L_delbrueckii_subsp_lactis_CIRM_BIA_1375,0,0,1,0,0,0,0
L_delbrueckii_subsp_lactis_CIRM_BIA_225,0,0,1,0,0,0,0
L_delbrueckii_subsp_lactis_CIRM_BIA_229,0,0,1,0,0,0,0
L_delbrueckii_subsp_lactis_CIRM_BIA_230,0,0,1,0,0,0,0
L_delbrueckii_subsp_lactis_CIRM_BIA_233,0,0,1,0,0,0,0
L_delbrueckii_subsp_lactis_CIRM_BIA_234,0,0,1,0,0,0,0
L_delbrueckii_subsp_lactis_CIRM_BIA_265,0,0,1,0,0,0,0
L_delbrueckii_subsp_lactis_CIRM_BIA_267,0,0,1,0,0,0,0
L_delbrueckii_subsp_lactis_CIRM_BIA_269,0,0,1,0,0,0,0
L_delbrueckii_subsp_lactis_DSM_20072,0,0,0,1,0,0,0
L_delbrueckii_subsp_lactis_DSM_20073,0,0,0,1,0,0,0
L_delbrueckii_subsp_lactis_DSM_20076,0,1,0,0,0,0,0
L_delbrueckii_subsp_lactis_FAM_10983,0,0,1,0,0,0,0
L_delbrueckii_subsp_lactis_FAM_1200,0,1,0,0,0,0,0
L_delbrueckii_subsp_lactis_FAM_12062,0,0,1,0,0,0,0
L_delbrueckii_subsp_lactis_FAM_12107,0,0,1,0,0,0,0
L_delbrueckii_subsp_lactis_FAM_12109,0,0,1,0,0,0,0
L_delbrueckii_subsp_lactis_FAM_18834,0,0,1,0,0,0,0
L_delbrueckii_subsp_lactis_FAM_19994,0,0,1,0,0,0,0
L_delbrueckii_subsp_lactis_FAM_20408,0,0,1,0,0,0,0
L_delbrueckii_subsp_lactis_FAM_20544,0,0,1,0,0,0,0
L_delbrueckii_subsp_lactis_FAM_21748,0,0,1,0,0,0,0
L_delbrueckii_subsp_lactis_FAM_21753,0,0,1,0,0,0,0
L_delbrueckii_subsp_lactis_FAM_21755,0,0,1,0,0,0,0
L_delbrueckii_subsp_lactis_FAM_21783,0,0,1,0,0,0,0
L_delbrueckii_subsp_lactis_FAM_21784,0,0,1,0,0,0,0
L_delbrueckii_subsp_lactis_FAM_22091,0,0,1,0,0,0,0
L_delbrueckii_subsp_lactis_FAM_22093,0,0,1,0,0,0,0
L_delbrueckii_subsp_lactis_FAM_24199,0,0,1,0,0,0,0
L_delbrueckii_subsp_lactis_FAM_24847,0,0,1,0,0,0,0
L_delbrueckii_subsp_lactis_FAM_24848,0,0,1,0,0,0,0
L_delbrueckii_subsp_lactis_FAM_24849,0,0,1,0,0,0,0
L_delbrueckii_subsp_lactis_FAM_24850,0,0,1,0,0,0,0
L_delbrueckii_subsp_lactis_FAM_24851,0,0,1,0,0,0,0
L_delbrueckii_subsp_lactis_FAM_24852,0,0,1,0,0,0,0
L_delbrueckii_subsp_lactis_KCCM_34717,0,0,0,0,0,0,1
L_delbrueckii_subsp_lactis_KCTC_3034,0,0,1,0,0,0,0
L_delbrueckii_subsp_lactis_KCTC_3035,0,1,0,0,0,0,0
L_delbrueckii_subsp_lactis_MAG_rmk202_ldel,0,0,1,0,0,0,0
L_delbrueckii_subsp_lactis_NBIMCC_8250_182,0,0,1,0,0,0,0
L_delbrueckii_subsp_lactis_NCIMB_700280,0,1,0,0,0,0,0
L_delbrueckii_subsp_lactis_NCIMB_700820,0,1,0,0,0,0,0
L_delbrueckii_subsp_lactis_NCIMB_700860,0,1,0,0,0,0,0
L_delbrueckii_subsp_lactis_NCIMB_701040,0,0,1,0,0,0,0
L_delbrueckii_subsp_lactis_NCIMB_702467,0,1,0,0,0,0,0
L_delbrueckii_subsp_lactis_NCIMB_702468,1,0,0,0,0,0,0
L_delbrueckii_subsp_lactis_NCIMB_702469,1,0,0,0,0,0,0
L_delbrueckii_subsp_lactis_NCIMB_8140,0,1,0,0,0,0,0
L_delbrueckii_subsp_lactis_NCIMB_8183,0,1,0,0,0,0,0
L_delbrueckii_subsp_lactis_NCIMB_8882,0,1,0,0,0,0,0
L_delbrueckii_subsp_lactis_NCIMB_8964,0,1,0,0,0,0,0
L_delbrueckii_subsp_lactis_NWC_1_2,0,0,1,0,0,0,0
L_delbrueckii_subsp_sunkii_CIP_101810,0,1,0,0,0,0,0
L_delbrueckii_subsp_sunkii_CIRM_BIA_266,0,0,1,0,0,0,0
L_delbrueckii_subsp_sunkii_JCM_17838,0,0,0,0,0,0,1
L_delbrueckii_subsp_sunkii_NRIC_0766,1,0,0,0,0,0,0
L_delbrueckii_subsp_sunkii_NRIC_0767,1,0,0,0,0,0,0
L_equicursoris_DSM_19284,0,0,0,0,1,0,0
L_gallinarum_Chicken_14_mag_96,0,0,0,0,1,0,0
L_gallinarum_Chicken_20_mag_156,0,0,0,0,1,0,0
L_gallinarum_DSM_10532,0,0,1,0,0,0,0
L_gasseri_1001175B_160314_D8,0,0,0,1,0,0,0
L_gasseri_1001175st1_D8,0,0,0,1,0,0,0
L_gasseri_1001285H_161024_C10,0,0,0,1,0,0,0
L_gasseri_497_LGAS,0,0,0,1,0,0,0
L_gasseri_4M13,0,0,0,1,0,0,0
L_gasseri_770_LJOH,0,0,0,1,0,0,0
L_gasseri_AL3,0,0,0,1,0,0,0
L_gasseri_AL5,0,0,0,1,0,0,0
L_gasseri_ATCC_33323,0,1,0,0,0,0,0
L_gasseri_CM2267_MRS2_S780-bin_1,0,0,0,1,0,0,0
L_gasseri_DSM_14869,0,0,0,1,0,0,0
L_gasseri_EJL,0,0,0,1,0,0,0
L_gasseri_HL20,0,0,0,1,0,0,0
L_gasseri_HL70,0,0,0,1,0,0,0
L_gasseri_HL75,0,0,0,1,0,0,0
L_gasseri_L5,0,0,0,0,1,0,0
L_gasseri_Lg1199,0,0,0,1,0,0,0
L_gasseri_Lg1266,0,0,0,1,0,0,0
L_gasseri_Lg637,0,0,0,1,0,0,0
L_gasseri_MGYG_HGUT_02387,0,0,0,1,0,0,0
L_gasseri_MGYG_HGUT_03690,0,0,0,1,0,0,0
L_gasseri_MHKL_MAG_00006,0,0,0,1,0,0,0
L_gasseri_MHKL_MAG_00040,0,0,0,1,0,0,0
L_gasseri_MHKL_MAG_00042,0,0,0,1,0,0,0
L_gasseri_MHKL_MAG_00045,0,0,0,1,0,0,0
L_gasseri_MHKL_MAG_00047,0,0,0,1,0,0,0
L_gasseri_MHKL_MAG_00061,0,0,0,1,0,0,0
L_gasseri_MHKL_MAG_00071,0,0,0,1,0,0,0
L_gasseri_MHKL_MAG_00085,0,0,0,1,0,0,0
L_gasseri_MHKL_MAG_00104,0,0,0,1,0,0,0
L_gasseri_MHKL_MAG_00126,0,0,0,1,0,0,0
L_gasseri_MHKL_MAG_00191,0,0,0,1,0,0,0
L_gasseri_MHKL_MAG_00194,0,0,0,1,0,0,0
L_gasseri_MHKL_MAG_00195,0,0,0,1,0,0,0
L_gasseri_MHKL_MAG_00197,0,0,0,1,0,0,0
L_gasseri_MHKL_MAG_00222,0,0,0,1,0,0,0
L_gasseri_MHKL_MAG_00225,0,0,0,1,0,0,0
L_gasseri_MHKL_MAG_00226,0,0,0,1,0,0,0
L_gasseri_MHKL_MAG_00239,0,0,0,1,0,0,0
L_gasseri_MHKL_MAG_00249,0,0,0,1,0,0,0
L_gasseri_MHKL_MAG_00267,0,0,0,1,0,0,0
L_gasseri_MHKL_MAG_00273,0,0,0,1,0,0,0
L_gasseri_MHKL_MAG_00277,0,0,0,1,0,0,0
L_gasseri_MHKL_MAG_00294,0,0,0,1,0,0,0
L_gasseri_MHKL_MAG_00323,0,0,0,1,0,0,0
L_gasseri_MHKL_MAG_00324,0,0,0,1,0,0,0
L_gasseri_MHKL_MAG_00337,0,0,0,1,0,0,0
L_gasseri_TF08-1,0,0,0,1,0,0,0
L_gasseri_UMB0607,0,0,0,1,0,0,0
L_gasseri_UMB0670,0,0,0,1,0,0,0
L_gasseri_UMB3077,0,0,0,1,0,0,0
L_hamsteri_DSM_5661,0,0,0,0,0,0,0
L_helsingborgensis_ESL0183,0,0,0,0,1,0,0
L_helveticus_AHU1049,0,1,0,0,0,0,0
L_helveticus_ATCC_12046,0,1,0,0,0,0,0
L_helveticus_BIM_B-461_G,0,0,0,1,0,0,0
L_helveticus_CAUH18,0,0,1,0,0,0,0
L_helveticus_CNRZ32,0,1,0,0,0,0,0
L_helveticus_D76,0,0,0,1,0,0,0
L_helveticus_DLBSA201,0,0,0,1,0,0,0
L_helveticus_DLBSA202,0,0,0,1,0,0,0
L_helveticus_DPC_4571,0,1,0,0,0,0,0
L_helveticus_FAM13019,0,0,1,0,0,0,0
L_helveticus_FAM1450,0,1,0,0,0,0,0
L_helveticus_FAM19188,0,0,1,0,0,0,0
L_helveticus_FAM21493,0,0,1,0,0,0,0
L_helveticus_FAM22076,0,0,1,0,0,0,0
L_helveticus_FAM22155,0,0,1,0,0,0,0
L_helveticus_FAM23285,0,0,1,0,0,0,0
L_helveticus_FAM8105,0,0,1,0,0,0,0
L_helveticus_FAM8106,0,0,1,0,0,0,0
L_helveticus_FAM8627,0,0,1,0,0,0,0
L_helveticus_H10,0,0,1,0,0,0,0
L_helveticus_H9,0,0,0,1,0,0,0
L_helveticus_IDCC3801,0,0,0,1,0,0,0
L_helveticus_IMAU10029,0,1,0,0,0,0,0
L_helveticus_IMAU10031,0,1,0,0,0,0,0
L_helveticus_IMAU10033,0,1,0,0,0,0,0
L_helveticus_IMAU10049,0,1,0,0,0,0,0
L_helveticus_IMAU10142,0,1,0,0,0,0,0
L_helveticus_IMAU10149,0,1,0,0,0,0,0
L_helveticus_IMAU20035,0,1,0,0,0,0,0
L_helveticus_IMAU20062,0,1,0,0,0,0,0
L_helveticus_IMAU20067,0,1,0,0,0,0,0
L_helveticus_IMAU20078,0,1,0,0,0,0,0
L_helveticus_IMAU30002,0,1,0,0,0,0,0
L_helveticus_IMAU30003,0,1,0,0,0,0,0
L_helveticus_IMAU30005,0,1,0,0,0,0,0
L_helveticus_IMAU30014,0,1,0,0,0,0,0
L_helveticus_IMAU30023,0,1,0,0,0,0,0
L_helveticus_IMAU30025,0,1,0,0,0,0,0
L_helveticus_IMAU30028,0,1,0,0,0,0,0
L_helveticus_IMAU30034,0,1,0,0,0,0,0
L_helveticus_IMAU30035,0,1,0,0,0,0,0
L_helveticus_IMAU30038,0,1,0,0,0,0,0
L_helveticus_IMAU30040,0,1,0,0,0,0,0
L_helveticus_IMAU30044,0,1,0,0,0,0,0
L_helveticus_IMAU30046,0,1,0,0,0,0,0
L_helveticus_IMAU30049,0,1,0,0,0,0,0
L_helveticus_IMAU30056,0,1,0,0,0,0,0
L_helveticus_IMAU30077,0,1,0,0,0,0,0
L_helveticus_IMAU30078,0,1,0,0,0,0,0
L_helveticus_IMAU30094,0,1,0,0,0,0,0
L_helveticus_IMAU30109,0,1,0,0,0,0,0
L_helveticus_IMAU30115,0,1,0,0,0,0,0
L_helveticus_IMAU30120,0,1,0,0,0,0,0
L_helveticus_IMAU30132,0,1,0,0,0,0,0
L_helveticus_IMAU30143,0,1,0,0,0,0,0
L_helveticus_IMAU30156,0,1,0,0,0,0,0
L_helveticus_IMAU40088,0,1,0,0,0,0,0
L_helveticus_IMAU40093,0,1,0,0,0,0,0
L_helveticus_IMAU50011,0,1,0,0,0,0,0
L_helveticus_IMAU50013,0,1,0,0,0,0,0
L_helveticus_IMAU50019,0,1,0,0,0,0,0
L_helveticus_IMAU50022,0,1,0,0,0,0,0
L_helveticus_IMAU50024,0,1,0,0,0,0,0
L_helveticus_IMAU50064,0,1,0,0,0,0,0
L_helveticus_IMAU50079,0,1,0,0,0,0,0
L_helveticus_IMAU50091,0,1,0,0,0,0,0
L_helveticus_IMAU50151,0,1,0,0,0,0,0
L_helveticus_IMAU60066,0,1,0,0,0,0,0
L_helveticus_IMAU60117,0,1,0,0,0,0,0
L_helveticus_IMAU60201,0,1,0,0,0,0,0
L_helveticus_IMAU60204,0,1,0,0,0,0,0
L_helveticus_IMAU60206,0,1,0,0,0,0,0
L_helveticus_IMAU60210,0,1,0,0,0,0,0
L_helveticus_IMAU60211,0,1,0,0,0,0,0
L_helveticus_IMAU60212,0,1,0,0,0,0,0
L_helveticus_IMAU60227,0,1,0,0,0,0,0
L_helveticus_IMAU70168,0,1,0,0,0,0,0
L_helveticus_IMAU80622,0,1,0,0,0,0,0
L_helveticus_IMAU80627,0,1,0,0,0,0,0
L_helveticus_IMAU80668,0,1,0,0,0,0,0
L_helveticus_IMAU80756,0,1,0,0,0,0,0
L_helveticus_JCM_1004,0,1,0,0,0,0,0
L_helveticus_LH2020,0,0,0,1,0,0,0
L_helveticus_LH5,0,0,0,1,0,0,0
L_helveticus_LH99,0,0,1,0,0,0,0
L_helveticus_LZ-R-5,0,0,1,0,0,0,0
L_helveticus_M92,0,0,1,0,0,0,0
L_helveticus_MB2-1,0,0,1,0,0,0,0
L_helveticus_MGYG_HGUT_02384,0,0,0,1,0,0,0
L_helveticus_NBIMCC_8269_179,0,0,1,0,0,0,0
L_helveticus_NWC_2_3,0,0,1,0,0,0,0
L_helveticus_NWC_2_4,0,0,1,0,0,0,0
L_helveticus_R0052,0,0,0,0,0,0,1
L_helveticus_SCB0641,0,0,1,0,0,0,0
L_helveticus_SCB643,0,0,1,0,0,0,0
L_helveticus_TK-J7A,0,1,0,0,0,0,0
L_helveticus_UC1035,0,0,1,0,0,0,0
L_helveticus_UC1267,0,0,1,0,0,0,0
L_helveticus_UC1275,0,0,1,0,0,0,0
L_helveticus_UC1285,0,0,1,0,0,0,0
L_helveticus_XZNQ,0,1,0,0,0,0,0
L_hominis_DSM_23910,0,0,0,1,0,0,0
L_hominis_MGBC122240,0,1,0,0,0,0,0
L_hominis_MGYG_HGUT_02360,0,0,0,1,0,0,0
L_iners_0809_588_1_1_MRSI1_rep1_S852-bin_1,0,0,0,1,0,0,0
L_iners_0809_588_1_1_MRSI1_rep2_S858-bin_1,0,0,0,1,0,0,0
L_iners_0861_630_1_1_CBA2_S808-bin_1,0,0,0,1,0,0,0
L_iners_0861_630_1_1_CBA7_S775-bin_1,0,0,0,1,0,0,0
L_iners_0861_630_1_1_MRSI1_rep1_S851-bin_2,0,0,0,1,0,0,0
L_iners_0861_630_1_1_MRSI1_rep2_S857-bin_3,0,0,0,1,0,0,0
L_iners_0861_630_1_1_MRSI1_rep3_S863-bin_3,0,0,0,1,0,0,0
L_iners_0861_630_1_1_MRSIHK1_S846-bin_2,0,0,0,1,0,0,0
L_iners_0998_735_1_CBA_89B_S798-bin_1,0,0,0,1,0,0,0
L_iners_0998_735_1_CBA_89C_S799-bin_1,0,0,0,1,0,0,0
L_iners_0998_735_1_CBA_90B_S800-bin_1,0,0,0,1,0,0,0
L_iners_0998_735_1_CBA_90C_S801-bin_1,0,0,0,1,0,0,0
L_iners_0998_735_1_CBA_90D_S802-bin_1,0,0,0,1,0,0,0
L_iners_A2_UP11_143_D_S143-bin_1-SPLIT,0,0,0,1,0,0,0
L_iners_ATCC_55195_S809-bin_1,0,0,0,1,0,0,0
L_iners_ATCC_55195_rep2_S854-bin_2,0,0,0,1,0,0,0
L_iners_ATCC_55195_rep3_S860-bin_2,0,0,0,1,0,0,0
L_iners_C0011D1,0,0,0,1,0,0,0
L_iners_C0059G1,0,0,0,1,0,0,0
L_iners_C0094A1,0,0,0,1,0,0,0
L_iners_C0210C1,0,0,0,1,0,0,0
L_iners_C0254C1,0,0,0,1,0,0,0
L_iners_C0322A1,0,0,0,1,0,0,0
L_iners_DZD_CM_41_S809-bin_1,0,0,0,1,0,0,0
L_iners_E2_1697_1278_1_BDMRSCQ11_S183-bin_1-SPLIT,0,0,0,1,0,0,0
L_iners_E2_1697_1278_1_BDMRSCQ5_S184-bin_2-SPLIT,0,0,0,1,0,0,0
L_iners_E2_1697_1278_1_CBA1_S151-bin_1-SPLIT,0,0,0,1,0,0,0
L_iners_E2_1697_1278_1_CBA2_S163-bin_2-SPLIT,0,0,0,1,0,0,0
L_iners_E2_1697_1278_1_CBA3_S152-bin_3-SPLIT,0,0,0,1,0,0,0
L_iners_E3_1733_1310_1_BDMRSCQ4_S153-bin_2-SPLIT,0,0,0,1,0,0,0
L_iners_E3_1733_1310_1_CBA2_S174-bin_1-SPLIT,0,0,0,1,0,0,0
L_iners_E4_1683_1263_1_CBA1_S108-bin_2-SPLIT,0,0,0,1,0,0,0
L_iners_E4_1683_1263_1_CBA2_S186-bin_1-SPLIT,0,0,0,1,0,0,0
L_iners_E5_1732_1307_1_BDMRSCQ11_S287-bin_1-SPLIT,0,0,0,1,0,0,0
L_iners_E5_1732_1307_1_BDMRSCQ12_S286-bin_1-SPLIT,0,0,0,1,0,0,0
L_iners_E5_1732_1307_1_BDMRSCQ4_S280-bin_2-SPLIT,0,0,0,1,0,0,0
L_iners_F2_1463_1084_3_CBA12_S285-bin_1-SPLIT,0,0,0,1,0,0,0
L_iners_F2_1463_1084_3_CBA4_S277-bin_2-SPLIT,0,0,0,1,0,0,0
L_iners_F2_1463_1084_3_CBA4_S277-bin_4-SPLIT,0,0,0,1,0,0,0
L_iners_F3_1503_1114_2_CBA9_S250-bin_2-SPLIT,0,0,0,1,0,0,0
L_iners_F4_1630_1235_1_MRS12_S197-bin_2-SPLIT,0,0,0,1,0,0,0
L_iners_JKR_12_29_17_A02_rep1_S849-bin_1,0,0,0,1,0,0,0
L_iners_JKR_12_29_17_A02_rep2_S855-bin_1,0,0,0,1,0,0,0
L_iners_JKR_12_29_17_A02_rep3_S861-bin_1,0,0,0,1,0,0,0
L_iners_JKR_12_29_17_D06_S716-bin_1,0,0,0,1,0,0,0
L_iners_JKR_12_29_17_D06_rep1_S850-bin_1,0,0,0,1,0,0,0
L_iners_JKR_12_29_17_D06_rep3_S862-bin_1,0,0,0,1,0,0,0
L_iners_JKR_P1_89_A12_S761_001-bin_1,0,0,0,1,0,0,0
L_iners_JKR_P1_89_A12_rep1_S847-bin_1,0,0,0,1,0,0,0
L_iners_JKR_P1_89_A12_rep3_S859-bin_1,0,0,0,1,0,0,0
L_iners_LI335,0,0,0,1,0,0,0
L_iners_MGYG_HGUT_01383,0,0,0,1,0,0,0
L_iners_MHKL_MAG_00001,0,0,0,1,0,0,0
L_iners_MHKL_MAG_00007,0,0,0,1,0,0,0
L_iners_MHKL_MAG_00014,0,0,0,1,0,0,0
L_iners_MHKL_MAG_00016,0,0,0,1,0,0,0
L_iners_MHKL_MAG_00022,0,0,0,1,0,0,0
L_iners_MHKL_MAG_00031,0,0,0,1,0,0,0
L_iners_MHKL_MAG_00032,0,0,0,1,0,0,0
L_iners_MHKL_MAG_00039,0,0,0,1,0,0,0
L_iners_MHKL_MAG_00046,0,0,0,1,0,0,0
L_iners_MHKL_MAG_00049,0,0,0,1,0,0,0
L_iners_MHKL_MAG_00051,0,0,0,1,0,0,0
L_iners_MHKL_MAG_00052,0,0,0,1,0,0,0
L_iners_MHKL_MAG_00054,0,0,0,1,0,0,0
L_iners_MHKL_MAG_00056,0,0,0,1,0,0,0
L_iners_MHKL_MAG_00058,0,0,0,1,0,0,0
L_iners_MHKL_MAG_00062,0,0,0,1,0,0,0
L_iners_MHKL_MAG_00063,0,0,0,1,0,0,0
L_iners_MHKL_MAG_00064,0,0,0,1,0,0,0
L_iners_MHKL_MAG_00077,0,0,0,1,0,0,0
L_iners_MHKL_MAG_00079,0,0,0,1,0,0,0
L_iners_MHKL_MAG_00081,0,0,0,1,0,0,0
L_iners_MHKL_MAG_00086,0,0,0,1,0,0,0
L_iners_MHKL_MAG_00090,0,0,0,1,0,0,0
L_iners_MHKL_MAG_00099,0,0,0,1,0,0,0
L_iners_MHKL_MAG_00100,0,0,0,1,0,0,0
L_iners_MHKL_MAG_00101,0,0,0,1,0,0,0
L_iners_MHKL_MAG_00103,0,0,0,1,0,0,0
L_iners_MHKL_MAG_00105,0,0,0,1,0,0,0
L_iners_MHKL_MAG_00111,0,0,0,1,0,0,0
L_iners_MHKL_MAG_00116,0,0,0,1,0,0,0
L_iners_MHKL_MAG_00117,0,0,0,1,0,0,0
L_iners_MHKL_MAG_00123,0,0,0,1,0,0,0
L_iners_MHKL_MAG_00124,0,0,0,1,0,0,0
L_iners_MHKL_MAG_00127,0,0,0,1,0,0,0
L_iners_MHKL_MAG_00128,0,0,0,1,0,0,0
L_iners_MHKL_MAG_00129,0,0,0,1,0,0,0
L_iners_MHKL_MAG_00130,0,0,0,1,0,0,0
L_iners_MHKL_MAG_00131,0,0,0,1,0,0,0
L_iners_MHKL_MAG_00132,0,0,0,1,0,0,0
L_iners_MHKL_MAG_00133,0,0,0,1,0,0,0
L_iners_MHKL_MAG_00134,0,0,0,1,0,0,0
L_iners_MHKL_MAG_00135,0,0,0,1,0,0,0
L_iners_MHKL_MAG_00136,0,0,0,1,0,0,0
L_iners_MHKL_MAG_00137,0,0,0,1,0,0,0
L_iners_MHKL_MAG_00154,0,0,0,1,0,0,0
L_iners_MHKL_MAG_00155,0,0,0,1,0,0,0
L_iners_MHKL_MAG_00175,0,0,0,1,0,0,0
L_iners_MHKL_MAG_00177,0,0,0,1,0,0,0
L_iners_MHKL_MAG_00178,0,0,0,1,0,0,0
L_iners_MHKL_MAG_00179,0,0,0,1,0,0,0
L_iners_MHKL_MAG_00180,0,0,0,1,0,0,0
L_iners_MHKL_MAG_00181,0,0,0,1,0,0,0
L_iners_MHKL_MAG_00182,0,0,0,1,0,0,0
L_iners_MHKL_MAG_00184,0,0,0,1,0,0,0
L_iners_MHKL_MAG_00186,0,0,0,1,0,0,0
L_iners_MHKL_MAG_00198,0,0,0,1,0,0,0
L_iners_MHKL_MAG_00199,0,0,0,1,0,0,0
L_iners_MHKL_MAG_00200,0,0,0,1,0,0,0
L_iners_MHKL_MAG_00201,0,0,0,1,0,0,0
L_iners_MHKL_MAG_00202,0,0,0,1,0,0,0
L_iners_MHKL_MAG_00208,0,0,0,1,0,0,0
L_iners_MHKL_MAG_00209,0,0,0,1,0,0,0
L_iners_MHKL_MAG_00211,0,0,0,1,0,0,0
L_iners_MHKL_MAG_00212,0,0,0,1,0,0,0
L_iners_MHKL_MAG_00213,0,0,0,1,0,0,0
L_iners_MHKL_MAG_00214,0,0,0,1,0,0,0
L_iners_MHKL_MAG_00215,0,0,0,1,0,0,0
L_iners_MHKL_MAG_00216,0,0,0,1,0,0,0
L_iners_MHKL_MAG_00224,0,0,0,1,0,0,0
L_iners_MHKL_MAG_00233,0,0,0,1,0,0,0
L_iners_MHKL_MAG_00241,0,0,0,1,0,0,0
L_iners_MHKL_MAG_00242,0,0,0,1,0,0,0
L_iners_MHKL_MAG_00255,0,0,0,1,0,0,0
L_iners_MHKL_MAG_00257,0,0,0,1,0,0,0
L_iners_MHKL_MAG_00262,0,0,0,1,0,0,0
L_iners_MHKL_MAG_00263,0,0,0,1,0,0,0
L_iners_MHKL_MAG_00269,0,0,0,1,0,0,0
L_iners_MHKL_MAG_00281,0,0,0,1,0,0,0
L_iners_MHKL_MAG_00285,0,0,0,1,0,0,0
L_iners_MHKL_MAG_00286,0,0,0,1,0,0,0
L_iners_MHKL_MAG_00287,0,0,0,1,0,0,0
L_iners_MHKL_MAG_00288,0,0,0,1,0,0,0
L_iners_MHKL_MAG_00298,0,0,0,1,0,0,0
L_iners_MHKL_MAG_00301,0,0,0,1,0,0,0
L_iners_MHKL_MAG_00303,0,0,0,1,0,0,0
L_iners_MHKL_MAG_00320,0,0,0,1,0,0,0
L_iners_MHKL_MAG_00326,0,0,0,1,0,0,0
L_iners_MHKL_MAG_00329,0,0,0,1,0,0,0
L_iners_MHKL_MAG_00331,0,0,0,1,0,0,0
L_iners_MHKL_MAG_00332,0,0,0,1,0,0,0
L_iners_MHKL_MAG_00333,0,0,0,1,0,0,0
L_iners_MHKL_MAG_00336,0,0,0,1,0,0,0
L_iners_MHKL_MAG_00339,0,0,0,1,0,0,0
L_iners_UBLI-01,0,0,0,1,0,0,0
L_iners_UMB0033,0,0,0,1,0,0,0
L_iners_UMB1051,0,0,0,1,0,0,0
L_iners_V09VC_S146-bin_2-SPLIT,0,0,0,1,0,0,0
L_intestinalis_9_LIYmh,0,1,0,0,0,0,0
L_intestinalis_A49_41_LA_DSS,0,1,0,0,0,0,0
L_intestinalis_DSM_6629,0,0,0,0,1,0,0
L_jensenii_0422_293_1_1_MRS1_S459-bin_1,0,0,0,1,0,0,0
L_jensenii_0422_293_1_1_MRS2_S812-bin_1,0,0,0,1,0,0,0
L_jensenii_0422_293_1_1_MRS3_S820-bin_1,0,0,0,1,0,0,0
L_jensenii_0422_293_1_1_MRS4_S828-bin_1,0,0,0,1,0,0,0
L_jensenii_0422_293_1_1_MRS7_S392-bin_2,0,0,0,1,0,0,0
L_jensenii_0795_578_1_1_MRS2_S794-bin_1,0,0,0,1,0,0,0
L_jensenii_0795_578_1_1_MRSIHK10_S795-bin_1,0,0,0,1,0,0,0
L_jensenii_0795_578_1_1_MRSIHK11_S855-bin_1,0,0,0,1,0,0,0
L_jensenii_CM2268_MRS4_S783-bin_1,0,0,0,1,0,0,0
L_jensenii_CM_C09_S835-bin_1,0,0,0,1,0,0,0
L_jensenii_CM_F11_S854-bin_1,0,0,0,1,0,0,0
L_jensenii_DSM_20557,0,0,0,1,0,0,0
L_jensenii_DZD_CM_12_S780-bin_1,0,0,0,1,0,0,0
L_jensenii_DZD_CM_35_S803-bin_1,0,0,0,1,0,0,0
L_jensenii_DZD_CM_36_S804-bin_1,0,0,0,1,0,0,0
L_jensenii_DZD_CM_38_S806-bin_1,0,0,0,1,0,0,0
L_jensenii_F4_1630_1235_1_CBA2_S235-bin_1-SPLIT,0,0,0,1,0,0,0
L_jensenii_FDAARGOS_749,0,1,0,0,0,0,0
L_jensenii_JKR_P1_88_H11_S760_001-bin_1,0,0,0,1,0,0,0
L_jensenii_MHKL_MAG_00005,0,0,0,1,0,0,0
L_jensenii_MHKL_MAG_00012,0,0,0,1,0,0,0
L_jensenii_MHKL_MAG_00018,0,0,0,1,0,0,0
L_jensenii_MHKL_MAG_00037,0,0,0,1,0,0,0
L_jensenii_MHKL_MAG_00048,0,0,0,1,0,0,0
L_jensenii_MHKL_MAG_00059,0,0,0,1,0,0,0
L_jensenii_MHKL_MAG_00060,0,0,0,1,0,0,0
L_jensenii_MHKL_MAG_00067,0,0,0,1,0,0,0
L_jensenii_MHKL_MAG_00069,0,0,0,1,0,0,0
L_jensenii_MHKL_MAG_00074,0,0,0,1,0,0,0
L_jensenii_MHKL_MAG_00084,0,0,0,1,0,0,0
L_jensenii_MHKL_MAG_00096,0,0,0,1,0,0,0
L_jensenii_MHKL_MAG_00106,0,0,0,1,0,0,0
L_jensenii_MHKL_MAG_00109,0,0,0,1,0,0,0
L_jensenii_MHKL_MAG_00113,0,0,0,1,0,0,0
L_jensenii_MHKL_MAG_00156,0,0,0,1,0,0,0
L_jensenii_MHKL_MAG_00183,0,0,0,1,0,0,0
L_jensenii_MHKL_MAG_00217,0,0,0,1,0,0,0
L_jensenii_MHKL_MAG_00234,0,0,0,1,0,0,0
L_jensenii_MHKL_MAG_00243,0,0,0,1,0,0,0
L_jensenii_MHKL_MAG_00245,0,0,0,1,0,0,0
L_jensenii_MHKL_MAG_00250,0,0,0,1,0,0,0
L_jensenii_MHKL_MAG_00252,0,0,0,1,0,0,0
L_jensenii_MHKL_MAG_00256,0,0,0,1,0,0,0
L_jensenii_MHKL_MAG_00270,0,0,0,1,0,0,0
L_jensenii_MHKL_MAG_00271,0,0,0,1,0,0,0
L_jensenii_MHKL_MAG_00296,0,0,0,1,0,0,0
L_jensenii_MHKL_MAG_00305,0,0,0,1,0,0,0
L_jensenii_MHKL_MAG_00328,0,0,0,1,0,0,0
L_jensenii_MHKL_MAG_00330,0,0,0,1,0,0,0
L_jensenii_MHKL_MAG_00334,0,0,0,1,0,0,0
L_jensenii_MHKL_MAG_00338,0,0,0,1,0,0,0
L_jensenii_Mitchell_12_29_17_G03_S599-bin_1,0,0,0,1,0,0,0
L_jensenii_SNUV360,0,0,0,1,0,0,0
L_jensenii_UBLJe-01,0,0,0,1,0,0,0
L_jensenii_UMB0007,0,0,0,1,0,0,0
L_jensenii_UMB0034,0,0,0,1,0,0,0
L_jensenii_UMB0037,0,0,0,1,0,0,0
L_jensenii_UMB0055,0,0,0,1,0,0,0
L_jensenii_UMB0077,0,0,0,1,0,0,0
L_jensenii_UMB1165,0,0,0,1,0,0,0
L_jensenii_UMB1303,0,0,0,1,0,0,0
L_jensenii_UMB1307,0,0,0,1,0,0,0
L_jensenii_UMB1355,0,0,0,1,0,0,0
L_jensenii_UMB8489,0,0,0,1,0,0,0
L_johnsonii_117a,0,0,0,0,1,0,0
L_johnsonii_117c,0,0,0,0,1,0,0
L_johnsonii_117d,0,0,0,0,1,0,0
L_johnsonii_117k,0,0,0,0,1,0,0
L_johnsonii_117q,0,0,0,0,1,0,0
L_johnsonii_117x,0,0,0,0,1,0,0
L_johnsonii_3DG,0,0,0,0,1,0,0
L_johnsonii_7409N31,0,0,0,0,1,0,0
L_johnsonii_A16,0,1,0,0,0,0,0
L_johnsonii_A31_23_LJ_DSS,0,1,0,0,0,0,0
L_johnsonii_A53_45_LJ_DSS,0,1,0,0,0,0,0
L_johnsonii_BS15,0,0,0,1,0,0,0
L_johnsonii_BSD2780061687_150420_B4,0,0,0,1,0,0,0
L_johnsonii_Byun-jo-01,0,0,0,0,1,0,0
L_johnsonii_Chicken_6_mag_125,0,0,0,0,1,0,0
L_johnsonii_DPC_6026,0,0,0,0,1,0,0
L_johnsonii_FI9785,0,0,0,0,1,0,0
L_johnsonii_G2A,0,0,0,0,1,0,0
L_johnsonii_GHZ10a,0,0,1,0,0,0,0
L_johnsonii_IDCC9203,0,0,0,1,0,0,0
L_johnsonii_L2,0,0,0,0,1,0,0
L_johnsonii_MGYG_HGUT_00008,0,0,0,1,0,0,0
L_johnsonii_MR1,0,0,0,0,1,0,0
L_johnsonii_NCC_533,0,1,0,0,0,0,0
L_johnsonii_NCK2677,0,0,0,0,1,0,0
L_johnsonii_PH-2,0,0,0,0,1,0,0
L_johnsonii_Q1-7,0,0,0,0,1,0,0
L_johnsonii_UBA11948,0,0,0,0,1,0,0
L_johnsonii_UBLJ-01,0,0,0,1,0,0,0
L_johnsonii_UMNLJ21,0,0,0,0,1,0,0
L_johnsonii_UMNLJ22,0,0,0,0,1,0,0
L_johnsonii_UMNLJ54,0,0,0,0,1,0,0
L_johnsonii_ZLJ010,0,0,0,0,1,0,0
L_kalixensis_DSM_16043,0,0,0,0,1,0,0
L_kefiranofaciens_1207,0,0,1,0,0,0,0
L_kefiranofaciens_ATCC_43761,0,1,0,0,0,0,0
L_kefiranofaciens_SCB2517,0,0,1,0,0,0,0
L_kefiranofaciens_subsp_kefiranofaciens_DSM_5016,0,0,1,0,0,0,0
L_kefiranofaciens_subsp_kefiranofaciens_LKK75,0,0,1,0,0,0,0
L_kefiranofaciens_subsp_kefiranofaciens_ZW3,0,0,1,0,0,0,0
L_kefiranofaciens_subsp_kefirgranum_DSM_10550,0,0,1,0,0,0,0
L_kefiranofaciens_subsp_kefirgranum_HL1,0,0,1,0,0,0,0
L_kefiranofaciens_subsp_kefirgranum_M1,0,0,1,0,0,0,0
L_kitasatonis_A12,0,0,0,0,1,0,0
L_kitasatonis_DSM_16761,0,0,0,0,1,0,0
L_kullabergensis_ESL0186,0,0,0,0,1,0,0
L_mulieris_CM_D01_S772-bin_1,0,0,0,1,0,0,0
L_mulieris_CM_F05_S806-bin_1,0,0,0,1,0,0,0
L_mulieris_DZD_CM_06_S774-bin_1,0,0,0,1,0,0,0
L_mulieris_DZD_CM_20_S788-bin_1,0,0,0,1,0,0,0
L_mulieris_MHKL_MAG_00002,0,0,0,1,0,0,0
L_mulieris_MHKL_MAG_00004,0,0,0,1,0,0,0
L_mulieris_MHKL_MAG_00041,0,0,0,1,0,0,0
L_mulieris_MHKL_MAG_00055,0,0,0,1,0,0,0
L_mulieris_MHKL_MAG_00078,0,0,0,1,0,0,0
L_mulieris_MHKL_MAG_00082,0,0,0,1,0,0,0
L_mulieris_MHKL_MAG_00102,0,0,0,1,0,0,0
L_mulieris_MHKL_MAG_00210,0,0,0,1,0,0,0
L_mulieris_MHKL_MAG_00230,0,0,0,1,0,0,0
L_mulieris_MHKL_MAG_00232,0,0,0,1,0,0,0
L_mulieris_MHKL_MAG_00236,0,0,0,1,0,0,0
L_mulieris_MHKL_MAG_00238,0,0,0,1,0,0,0
L_mulieris_MHKL_MAG_00279,0,0,0,1,0,0,0
L_mulieris_MHKL_MAG_00289,0,0,0,1,0,0,0
L_nasalidis_YZ01,0,0,0,0,1,0,0
L_nasalidis_YZ03,0,0,0,0,1,0,0
L_panisapium_ESL0409,0,0,0,1,0,0,0
L_panisapium_ESL0411,0,0,0,1,0,0,0
L_panisapium_ESL0413,0,0,0,1,0,0,0
L_panisapium_ESL0416,0,0,0,1,0,0,0
L_paragasseri_1001095IJ_161003_B4,0,0,0,1,0,0,0
L_paragasseri_D6t1_180914_C1,0,0,0,1,0,0,0
L_paragasseri_Indica,0,0,0,1,0,0,0
L_paragasseri_J1101004_170508_E2,0,0,0,1,0,0,0
L_paragasseri_JCM_1130,0,0,0,1,0,0,0
L_paragasseri_JCM_5343,0,0,0,1,0,0,0
L_paragasseri_JV-V03,0,0,0,1,0,0,0
L_paragasseri_NCK1347,0,0,0,1,0,0,0
L_paragasseri_NCTC13720,0,0,0,1,0,0,0
L_paragasseri_QAULPN3,0,0,1,0,0,0,0
L_paragasseri_UMB6975,0,0,0,1,0,0,0
L_psittaci_DSM_15354,0,0,0,0,1,0,0
L_rodentium_DSM_24759,0,1,0,0,0,0,0
L_selangorensis_ATCC_BAA-66,0,1,0,0,0,0,0
L_sp_3B-2020,0,0,0,0,1,0,0
L_sp_3B2020,0,0,0,0,1,0,0
L_sp_A27,0,0,0,0,1,0,0
L_sp_CBA3605,1,0,0,0,0,0,0
L_sp_CBA3606,1,0,0,0,0,0,0
L_sp_CRM56-2,1,0,0,0,0,0,0
L_sp_F4_bin1,0,0,0,1,0,0,0
L_sp_F4_bin2,0,0,0,1,0,0,0
L_sp_F5_bin1,0,0,0,1,0,0,0
L_sp_F5_bin2,0,0,0,1,0,0,0
L_sp_F5_bin3,0,0,0,1,0,0,0
L_sp_F5_bin4,0,0,0,1,0,0,0
L_sp_F5_bin5,0,0,0,1,0,0,0
L_sp_HRGM_Genome_1946,0,0,0,1,0,0,0
L_sp_JM1,0,0,0,1,0,0,0
L_sp_LAC2,1,0,0,0,0,0,0
L_sp_LAC3,1,0,0,0,0,0,0
L_sp_LAC5,1,0,0,0,0,0,0
L_sp_M0392,0,0,0,0,0,1,0
L_sp_M0393,0,0,0,0,0,1,0
L_sp_M0396,0,0,0,0,0,1,0
L_sp_M0398,0,0,0,0,0,1,0
L_sp_M0403,0,0,0,0,0,1,0
L_sp_S2-2,1,0,0,0,0,0,0
L_sp_UBA10721,0,0,1,0,0,0,0
L_sp_UBA10789,0,0,0,0,0,0,1
L_sp_UBA10794,0,0,0,1,0,0,0
L_sp_UBA10990,0,0,0,0,0,0,1
L_sp_UBA11204,0,0,0,0,0,0,1
L_sp_UBA11212,0,0,0,0,0,0,1
L_sp_UBA11933,0,0,0,0,1,0,0
L_sp_UBA8002,0,0,0,0,1,0,0
L_sp_UBA8817,0,0,0,0,0,0,1
L_sp_UBA9140,0,0,0,0,0,0,1
L_sp_UBA9434,0,0,0,0,1,0,0
L_sp_UBA9489,0,0,0,0,1,0,0
L_sp_UBA9526,0,0,0,0,1,0,0
L_sp_UMNPBX3,0,0,0,0,1,0,0
L_sp_W8085,0,0,0,0,0,1,0
L_sp_W8086,0,0,0,0,0,1,0
L_sp_W8087,0,0,0,0,0,1,0
L_sp_W8088,0,0,0,0,0,1,0
L_sp_W8089,0,0,0,0,0,1,0
L_sp_W8090,0,0,0,0,0,1,0
L_sp_W8093,0,0,0,0,0,1,0
L_sp_W8172,0,0,0,0,0,1,0
L_sp_W8173,0,0,0,0,0,1,0
L_sp_W8174,0,0,0,0,0,1,0
L_sp_wkB8,0,0,1,0,0,0,0
L_taiwanensis_103a,0,0,0,0,1,0,0
L_taiwanensis_103j,0,0,0,0,1,0,0
L_taiwanensis_103n,0,0,0,0,1,0,0
L_taiwanensis_103q,0,0,0,0,1,0,0
L_taiwanensis_107d,0,0,0,0,1,0,0
L_taiwanensis_107q,0,0,0,0,1,0,0
L_taiwanensis_107u,0,0,0,0,1,0,0
L_taiwanensis_107v,0,0,0,0,1,0,0
L_taiwanensis_111k,0,0,0,0,1,0,0
L_taiwanensis_111m,0,0,0,0,1,0,0
L_taiwanensis_111o,0,0,0,0,1,0,0
L_taiwanensis_111u,0,0,0,0,1,0,0
L_taiwanensis_111w,0,0,0,0,1,0,0
L_taiwanensis_111z,0,0,0,0,1,0,0
L_taiwanensis_114e,0,0,0,0,1,0,0
L_taiwanensis_114f,0,0,0,0,1,0,0
L_taiwanensis_114t,0,0,0,0,1,0,0
L_taiwanensis_601a,0,0,0,0,1,0,0
L_taiwanensis_601b,0,0,0,0,1,0,0
L_taiwanensis_601c,0,0,0,0,1,0,0
L_taiwanensis_601y,0,0,0,0,1,0,0
L_taiwanensis_609h,0,0,0,0,1,0,0
L_taiwanensis_609q,0,0,0,0,1,0,0
L_taiwanensis_609r,0,0,0,0,1,0,0
L_taiwanensis_609u,0,0,0,0,1,0,0
L_taiwanensis_CLG01,0,0,0,0,1,0,0
L_taiwanensis_DSM_21401,1,0,0,0,0,0,0
L_taiwanensis_MGBC167061,0,1,0,0,0,0,0
L_terrae_NIBRBAC000499792,0,1,0,0,0,0,0
L_ultunensis_Kx293C1,0,0,0,1,0,0,0
L_ultunensis_MGYG_HGUT_01335,0,0,0,1,0,0,0
uncultured_L_sp_Chicken_10_mag_2,0,0,0,0,1,0,0
uncultured_L_sp_Chicken_10_mag_88,0,0,0,0,1,0,0
uncultured_L_sp_Chicken_14_mag_2,0,0,0,0,1,0,0
uncultured_L_sp_Chicken_1_mag_75,0,0,0,0,1,0,0
uncultured_L_sp_Chicken_7_mag_102,0,0,0,0,1,0,0
uncultured_L_sp_MGBC161554,0,1,0,0,0,0,0
uncultured_L_sp_MGBC162746,0,1,0,0,0,0,0
uncultured_L_sp_MGBC166701,0,1,0,0,0,0,0
uncultured_L_sp_UMB00015,0,1,0,0,0,0,0
uncultured_L_sp_UMB00017,0,1,0,0,0,0,0
uncultured_L_sp_UMB00041,0,1,0,0,0,0,0
